16,2139928,rs1,G,A,PKD1
16,2139957,rs2,C,G,PKD1
16,2139958,rs3,G,A,PKD1
16,2140126,rs4,A,,PKD1
16,2140141,rs5,T,,PKD1
16,2140197,rs6,T,G,PKD1
16,2140310,rs7,C,T,PKD1
16,2140337,rs8,CTC,,PKD1
16,2140417,rs9,TAAC,TAACTAAC,PKD1
16,3293409,rs20,ATT,,MEFV
16,3293423,rs20,G,C,MEFV
16,3293427,rs21,C,T,MEFV
16,3293529,rs22,C,T,MEFV
17,29422328,rs23,A,G,NF1
17,29422342,rs24,G,,NF1
17,29422358,rs25,C,T,NF1
17,29422382,rs26,G,T,NF1
17,29422389,rs27,T,,NF1
17,29483008,rs28,T,,NF1
17,29483019,rs29,C,T,NF1
17,29483022,rs30,C,T,NF1
17,29483039,rs31,A,,NF1
17,29483065,rs32,,,NF1
17,29483069,rs33,,,NF1
